{
  "accuracy": 0.9608062709966405,
  "precision": 0.5668449197860963,
  "recall": 0.8153846153846154,
  "f1": 0.668769716088328,
  "val_size": 2679,
  "test_size": 2679
}